model,fold,mape,mae,bias
linear,Jan-Aug>Sep-Oct,1.9087960581941794,44.411815461741625,-0.7774448596589595
linear,Jan-Jun>Jul-Aug,2.056516195779654,49.03053101170288,-0.81313858141221
linear,Jan-Jul>Aug-Oct,1.8341545958889358,42.508483133251154,-0.1678111092394564
linear,Jan-Sep>Oct,1.6875906333779895,38.88636342745888,-0.5696154426493698
"gbm (lr .05, 600 it, 31 leaves)",Jan-Aug>Sep-Oct,1.920128823695083,44.096268121470835,-0.7457254234190035
"gbm (lr .05, 600 it, 31 leaves)",Jan-Jun>Jul-Aug,2.1289788959030234,49.93428302115783,-0.7983641917678629
"gbm (lr .05, 600 it, 31 leaves)",Jan-Jul>Aug-Oct,1.872115569317903,42.86832124779493,-0.15741928835504407
"gbm (lr .05, 600 it, 31 leaves)",Jan-Sep>Oct,1.7416131580258412,38.847984063651595,-0.5646801376977053
"gbm (lr .03, 1200 it, 15 leaves)",Jan-Aug>Sep-Oct,1.9051886774413576,43.788397300144474,-0.7516628138038403
"gbm (lr .03, 1200 it, 15 leaves)",Jan-Jun>Jul-Aug,2.108230582139923,49.60855865354629,-0.7962059576677554
"gbm (lr .03, 1200 it, 15 leaves)",Jan-Jul>Aug-Oct,1.856844657011124,42.47368066797029,-0.1556416674255732
"gbm (lr .03, 1200 it, 15 leaves)",Jan-Sep>Oct,1.7249603548648857,38.514781869337774,-0.5612837223320574
"gbm, absolute-error loss",Jan-Aug>Sep-Oct,1.9880176292218399,45.6885890726763,-0.6376517635427261
"gbm, absolute-error loss",Jan-Jun>Jul-Aug,2.2096892211015393,51.8257201506122,-0.746287490284103
"gbm, absolute-error loss",Jan-Jul>Aug-Oct,1.9819752181853865,45.345197150848804,0.0885023394049171
"gbm, absolute-error loss",Jan-Sep>Oct,1.7864210821057436,39.897027829566134,-0.46272008095287154
"linear+gbm (lr .05, 400 it, 15 leaves)",Jan-Aug>Sep-Oct,1.7830108941117548,41.96410657759868,-0.7777655494796534
"linear+gbm (lr .05, 400 it, 15 leaves)",Jan-Jun>Jul-Aug,1.969247897748185,47.35386264947699,-0.8154740898304224
"linear+gbm (lr .05, 400 it, 15 leaves)",Jan-Jul>Aug-Oct,1.7079124547338096,40.179996004084636,-0.18414144703784546
"linear+gbm (lr .05, 400 it, 15 leaves)",Jan-Sep>Oct,1.562998945020985,36.323994894233365,-0.5896067427428756
"linear+gbm (lr .03, 800 it, 15 leaves)",Jan-Aug>Sep-Oct,1.784222753457346,41.96711543131019,-0.7763748286217638
"linear+gbm (lr .03, 800 it, 15 leaves)",Jan-Jun>Jul-Aug,1.9733533965421892,47.483237134966224,-0.8163854039616241
"linear+gbm (lr .03, 800 it, 15 leaves)",Jan-Jul>Aug-Oct,1.7116553638849112,40.284112044741846,-0.1855917493020384
"linear+gbm (lr .03, 800 it, 15 leaves)",Jan-Sep>Oct,1.5595509013296316,36.21559958225717,-0.5874185459885806
"linear+gbm (lr .05, 400 it, 31 leaves)",Jan-Aug>Sep-Oct,1.7891934991844105,42.043476887957745,-0.7781417565649189
"linear+gbm (lr .05, 400 it, 31 leaves)",Jan-Jun>Jul-Aug,1.9845877410515245,47.869548430911756,-0.8149019454376408
"linear+gbm (lr .05, 400 it, 31 leaves)",Jan-Jul>Aug-Oct,1.7208411307026334,40.57937446889319,-0.1872036272267065
"linear+gbm (lr .05, 400 it, 31 leaves)",Jan-Sep>Oct,1.56971201707915,36.440759519834494,-0.5925843024094064
FINAL: linear+gbm + lane adjustment (k=20),Jan-Aug>Sep-Oct,1.7280484732722634,40.815266608027535,-0.7800631030430792
FINAL: linear+gbm + lane adjustment (k=20),Jan-Jun>Jul-Aug,1.930877499394226,46.52512563117826,-0.8110727614392222
FINAL: linear+gbm + lane adjustment (k=20),Jan-Jul>Aug-Oct,1.660323599541102,39.179063733193004,-0.1826228500899263
FINAL: linear+gbm + lane adjustment (k=20),Jan-Sep>Oct,1.4913970209624077,34.694182960490885,-0.593102682129255
