,effect
Albany,-0.03089739632071493
Albuquerque,0.005238301764264608
Amarillo,0.02141617655051798
Atlanta,0.007165876755250486
Austin,0.02243456277562717
Bakersfield,0.0030322266070161715
Baltimore,-0.010070449980259955
Baton Rouge,0.023493790990400294
Birmingham,0.01257853297867374
Boston,-0.009961898986964703
Buffalo,-0.032398799103260635
Charleston,-0.004508328062468013
Chattanooga,0.005471055424206314
Cincinnati,-0.0004494096927258269
Columbia,-0.0013903082424804947
Corpus Christi,0.024165371493962785
Dallas,0.02471885141702407
Dayton,-0.01371444715898047
Detroit,-0.03130559908432018
El Paso,0.009056187064258777
Fort Wayne,-0.021803864121610825
Fresno,0.005866437579164429
Grand Rapids,-0.025394028490884873
Green Bay,-0.02453569258919911
Greensboro,-0.004036578217596366
Harrisburg,-0.025780443211115025
Hartford,-0.018287930066450485
Houston,0.028592755203550094
Indianapolis,-0.00045650448202783176
Jacksonville,0.005065586669202408
Kansas City,-0.002413094571574578
Las Vegas,0.0021469620657491766
Lexington,-0.0014018152695227737
Little Rock,0.020445461811698908
Los Angeles,-0.001121566277199973
Louisville,0.0016606546588439951
Lubbock,0.02787778395664054
Madison,-0.013588194404217076
Memphis,0.012852266027021804
Milwaukee,-0.002648141892186915
Mobile,0.01607633076894148
Montgomery,0.007441648907792609
Nashville,0.008019372718244459
New Orleans,0.0240560143761564
New York,-0.021768673623102624
Oklahoma City,0.031097011483408023
Philadelphia,-0.02018483074676449
Phoenix,0.0010376241509103953
Providence,-0.00016123129344879528
Raleigh,-0.00872048101348485
Reno,-0.018253682816050065
Richmond,-0.017702615729415644
Salt Lake City,5.232217903704511e-05
San Antonio,0.02607942629378935
San Francisco,0.0050277336944141255
Savannah,-0.0013191477338711849
Shreveport,0.02545730180125101
St. Louis,0.0034092667306892402
Syracuse,-0.036826843163122916
Tampa,0.005827305740869751
Toledo,-0.02745620463993571
Tucson,0.007009972003981987
Tulsa,0.026767394351057613
Washington,-0.02207936600865991
