,daily_mean,level
2025-01-01,0.9609023861882717,0.8996706352889985
2025-01-02,0.9863263354623313,0.9056872961327456
2025-01-03,0.9404729220779221,0.912736090124449
2025-01-04,0.8577480780907404,0.9163384198106039
2025-01-05,0.8018548026315789,0.9147705378074282
2025-01-06,0.8135636338232626,0.9102916037075307
2025-01-07,0.8880293945312501,0.9069836277950847
2025-01-08,0.9731187654426905,0.9075286747049963
2025-01-09,1.0008233580669712,0.9120027814200372
2025-01-10,0.9567425041039672,0.9173492455896897
2025-01-11,0.8715309210526316,0.9202581923799484
2025-01-12,0.8097041935483871,0.9197560768379632
2025-01-13,0.827640974025974,0.9171769537732899
2025-01-14,0.906930625,0.9151357874128399
2025-01-15,0.9899205479452056,0.9160396508414753
2025-01-16,1.0184680000000002,0.9183366477390272
2025-01-17,0.9739756947890817,0.920709370081742
2025-01-18,0.8881165437534397,0.923042693397319
2025-01-19,0.829670789909376,0.9254362048940783
2025-01-20,0.844132085458613,0.9279799110436434
2025-01-21,0.9184296129032259,0.9304459534242033
2025-01-22,1.0059590224358974,0.9328875975646437
2025-01-23,1.0349714573220423,0.9353085596435138
2025-01-24,0.9871639685559007,0.9378282051318972
2025-01-25,0.9077053038303204,0.9404943312933217
2025-01-26,0.8526988771564545,0.9430704912557276
2025-01-27,0.8620654620411385,0.945672562074815
2025-01-28,0.9404439634146341,0.9482233270252458
2025-01-29,1.0252182993197279,0.9508534657682429
2025-01-30,1.0527625610583446,0.9534445045929318
2025-01-31,1.0058059749140773,0.9561184781501694
2025-02-01,0.9247664,0.9585873956439659
2025-02-02,0.8730785748194015,0.9613071418825249
2025-02-03,0.8826128204789431,0.964015529609948
2025-02-04,0.9563954304635761,0.9666354740344821
2025-02-05,1.040905703651055,0.9694665557115193
2025-02-06,1.071373431741708,0.9721434140398495
2025-02-07,1.0313940366238499,0.9750012656735636
2025-02-08,0.9436634,0.9779068404434171
2025-02-09,0.8825621764828303,0.9806928663735305
2025-02-10,0.8990623926380368,0.9832668710004931
2025-02-11,0.9805745098039215,0.9860908925942621
2025-02-12,1.0624696350364962,0.9888713308211049
2025-02-13,1.093339259602649,0.9916174251453056
2025-02-14,1.0431053846153846,0.9944009734378702
2025-02-15,0.9642694384330913,0.9973254647764982
2025-02-16,0.9055056462772231,1.000164097408059
2025-02-17,0.9174905293455679,1.0027991462309542
2025-02-18,0.9976998998602702,1.0055453069137577
2025-02-19,1.080911055629139,1.0084615364917922
2025-02-20,1.1149913030660377,1.0112826223625624
2025-02-21,1.0685200621118014,1.0142948439778054
2025-02-22,0.9857140298734949,1.0169448371879597
2025-02-23,0.9247710067114093,1.0198377969090078
2025-02-24,0.9411380666666666,1.0228505895478486
2025-02-25,1.0182962337662338,1.0258633086462035
2025-02-26,1.102108940397351,1.0285327801897879
2025-02-27,1.1307019132501486,1.0313132427142058
2025-02-28,1.087691732395661,1.03414238269516
2025-03-01,1.0042481136837045,1.0372158341487696
2025-03-02,0.9468599418604652,1.0400157070039584
2025-03-03,0.9595053195974432,1.042911758762327
2025-03-04,1.0380498586485423,1.0459128384572163
2025-03-05,1.119896108032617,1.04870907116165
2025-03-06,1.1557156369685166,1.0515750896096006
2025-03-07,1.1055938465081672,1.0543833171897299
2025-03-08,1.0246662721893491,1.0572894965104513
2025-03-09,0.9669203703703704,1.0600417036938754
2025-03-10,0.9834185273919752,1.0628034953920744
2025-03-11,1.0553197130242826,1.0655966854924648
2025-03-12,1.1403225857202002,1.0683958309898247
2025-03-13,1.172555179069362,1.0711952323633682
2025-03-14,1.1291620253164558,1.0740142284819187
2025-03-15,1.0426658783783784,1.0768555610434183
2025-03-16,0.9865950955115433,1.079446364069601
2025-03-17,1.0015207608024692,1.0821444997980754
2025-03-18,1.0759944155844154,1.0848433586977433
2025-03-19,1.1611595721717525,1.0876208149996907
2025-03-20,1.1936216753096613,1.0904028287825702
2025-03-21,1.1498930830920027,1.0929315103019872
2025-03-22,1.0627758310093651,1.0956769362056984
2025-03-23,1.0021011742609833,1.0982712166632216
2025-03-24,1.019347389477598,1.1008614084696289
2025-03-25,1.0966723076923077,1.1033120485609298
2025-03-26,1.1804921788565725,1.105884606584412
2025-03-27,1.2096338045695634,1.1085200624239537
2025-03-28,1.167249044117647,1.111183089173532
2025-03-29,1.0767905984168242,1.1136872376225118
2025-03-30,1.0224077422577422,1.1161644344078157
2025-03-31,1.035073368788143,1.1184874526243294
2025-04-01,1.1158186351030772,1.1206448287454907
2025-04-02,1.1977924939532383,1.1229911517872708
2025-04-03,1.2265187195121952,1.129217080235999
2025-04-04,1.1824657718120806,1.13532699615307
2025-04-05,1.097306125,1.1412964306854987
2025-04-06,1.0394457409497704,1.1473875350511198
2025-04-07,1.0520364499484005,1.153602652321489
2025-04-08,1.1273513376817794,1.1598026769490044
2025-04-09,1.214115349227373,1.1658140548488822
2025-04-10,1.247119928057554,1.1717492521044839
2025-04-11,1.199278181887892,1.1774942825301622
2025-04-12,1.1120273883668903,1.1833114299466438
2025-04-13,1.0516396055739254,1.1893464982125406
2025-04-14,1.0619272921949845,1.1950465716553968
2025-04-15,1.1416914607542596,1.2009889535461205
2025-04-16,1.335485568736142,1.206597951996581
2025-04-17,1.3646993209876543,1.2123206525021122
2025-04-18,1.3170372499999998,1.2179500093073614
2025-04-19,1.2333267532467533,1.223564427231366
2025-04-20,1.1761244578313252,1.2292775498247905
2025-04-21,1.1929480790480238,1.234871699157821
2025-04-22,1.2649908888888888,1.2403069372549018
2025-04-23,1.3466777020134229,1.2458248808363308
2025-04-24,1.3704946564885496,1.2511294030876754
2025-04-25,1.3301291717791413,1.2564510160934985
2025-04-26,1.245772509861933,1.2616902513898716
2025-04-27,1.182009798657718,1.266884599630893
2025-04-28,1.201460061728395,1.2722120398462913
2025-04-29,1.2728705917159764,1.277604436976104
2025-04-30,1.358028108108108,1.2828163284072507
2025-05-01,1.3841407100591716,1.2840509891297283
2025-05-02,1.3396694736842105,1.2853362376864386
2025-05-03,1.257273557615894,1.2863537226218775
2025-05-04,1.1960819222746235,1.2874620383843005
2025-05-05,1.2042231166666666,1.2885460026190503
2025-05-06,1.2818537579617835,1.289305974747968
2025-05-07,1.3626419722650231,1.2903067771342467
2025-05-08,1.396125092220599,1.2911548672466497
2025-05-09,1.3459767701863354,1.292258691785894
2025-05-10,1.2574691391155002,1.2930979990538136
2025-05-11,1.2008079316050744,1.2937575347076344
2025-05-12,1.2129144118297404,1.294631712816798
2025-05-13,1.2876244208263674,1.2951168183413504
2025-05-14,1.3700560689655172,1.2957820346783522
2025-05-15,1.4006862805755396,1.2961802426400086
2025-05-16,1.34552682819229,1.2966003660902763
2025-05-17,1.2643595945945947,1.2969148859604254
2025-05-18,1.206475456404321,1.29719720704406
2025-05-19,1.2142272986577183,1.2974789082374658
2025-05-20,1.293013355704698,1.2978902914614696
2025-05-21,1.370424225160698,1.2981230708885811
2025-05-22,1.4014017435873862,1.2983315570862166
2025-05-23,1.3536297752808988,1.2981628256585132
2025-05-24,1.2642395081689186,1.2982119150763352
2025-05-25,1.2064867857142856,1.2984126652839076
2025-05-26,1.2150430164158688,1.2983937658250178
2025-05-27,1.2914966491520357,1.29836140513467
2025-05-28,1.3691779310344827,1.2982222345091603
2025-05-29,1.3959041666666667,1.2979883928370932
2025-05-30,1.3484760300483831,1.2977173062759415
2025-05-31,1.2651785479576596,1.297391456076733
2025-06-01,1.2039695556899912,1.2970197696305232
2025-06-02,1.2157418469387755,1.2966026506514674
2025-06-03,1.288371581920904,1.2962525783870593
2025-06-04,1.3684795857988166,1.2955789582057722
2025-06-05,1.3914006122448979,1.2950893241660932
2025-06-06,1.3473512738853504,1.2944934583236865
2025-06-07,1.2630901449275362,1.2937252142485287
2025-06-08,1.200278746756152,1.2931003324291706
2025-06-09,1.2120083125,1.2923936258666315
2025-06-10,1.2837276433121019,1.2916667946813896
2025-06-11,1.3635085021476374,1.2906945389026023
2025-06-12,1.3930958568632934,1.2898714253888401
2025-06-13,1.3364030226144512,1.289070542152944
2025-06-14,1.2539523741007195,1.2881571274436612
2025-06-15,1.1947961249907606,1.2871849772865407
2025-06-16,1.2044252752542899,1.2861423799634892
2025-06-17,1.2741519906286607,1.2850266478297063
2025-06-18,1.3567144720496893,1.2837040209139474
2025-06-19,1.3847175,1.2824653601551046
2025-06-20,1.3321189411764705,1.2810986688048536
2025-06-21,1.2467428172268906,1.2799109548453365
2025-06-22,1.1866990019632015,1.2785148400128805
2025-06-23,1.1946917432290887,1.277095402170857
2025-06-24,1.2642734873459873,1.2756915248256941
2025-06-25,1.3461307526491508,1.2742580398393426
2025-06-26,1.373479436061576,1.2728802541606647
2025-06-27,1.3229004181884587,1.2711024100977355
2025-06-28,1.2379583435582822,1.2697298276574231
2025-06-29,1.1747768306445505,1.2680620205066526
2025-06-30,1.184501347192859,1.266300434327942
2025-07-01,1.2513380282796542,1.2644027522328887
2025-07-02,1.3337970845512226,1.2627848191370643
2025-07-03,1.3531332544378698,1.2610300923618234
2025-07-04,1.314095283018868,1.2591133739887257
2025-07-05,1.2239989296187683,1.2573810121773341
2025-07-06,1.1605344871794874,1.2554942217134752
2025-07-07,1.1726997468354432,1.2533575941662043
2025-07-08,1.2435900636942676,1.251330257602467
2025-07-09,1.324930503144654,1.2493731789727633
2025-07-10,1.3433162231012659,1.2474499291746357
2025-07-11,1.2979707142857142,1.245400424331931
2025-07-12,1.2072537738791425,1.2372808757437046
2025-07-13,1.1454717119868636,1.2290650490284345
2025-07-14,1.1512901765927979,1.2207418365002811
2025-07-15,1.2288498639455783,1.2125247654651419
2025-07-16,1.307582122342938,1.2042949041533197
2025-07-17,1.331049385553265,1.1961066900946722
2025-07-18,1.2836128104575164,1.1880978709725483
2025-07-19,1.1939126842388381,1.1796229964481195
2025-07-20,1.1268734306396109,1.1712496518011315
2025-07-21,1.1379263194444444,1.1627315591006595
2025-07-22,1.2094752857142856,1.1542939684744764
2025-07-23,1.2922797583015786,1.1457063943206933
2025-07-24,1.3160933004658386,1.1369410622681613
2025-07-25,1.0955530577181207,1.1284656558393293
2025-07-26,1.0079151955307262,1.1199473084632359
2025-07-27,0.9417268798562548,1.1114284892008512
2025-07-28,0.9544233582089552,1.10278402958194
2025-07-29,1.0209019115486335,1.094269890210538
2025-07-30,1.104527090909091,1.0854414208747087
2025-07-31,1.1288863190184049,1.0767274051745341
2025-08-01,1.0767987963348604,1.0680944503973158
2025-08-02,0.9895452795031056,1.0593816968242395
2025-08-03,0.9220278915662652,1.050530360794665
2025-08-04,0.9364472093023255,1.0419306065890785
2025-08-05,1.0031379873883342,1.033214007778753
2025-08-06,1.0795012056737587,1.0245209591341042
2025-08-07,1.1060048430939704,1.0156666668456829
2025-08-08,1.0594569877551019,1.006766811290532
2025-08-09,0.9687268345323741,1.0039879058634522
2025-08-10,0.9034268426573426,1.001153031853661
2025-08-11,0.9128942741935484,0.998338905041435
2025-08-12,0.9816527225423584,0.9954769084936175
2025-08-13,1.063589682738047,0.992677164687142
2025-08-14,1.0893266517911477,0.9897361108124453
2025-08-15,1.0396557104113835,0.9869159148512077
2025-08-16,0.9460752754107491,0.9839665943365318
2025-08-17,0.8860803128831929,0.9810137233010977
2025-08-18,0.8938615527553302,0.9782025360171078
2025-08-19,0.9660699236641221,0.9751796639851074
2025-08-20,1.0443595742257816,0.9723880454729684
2025-08-21,1.0668973449216086,0.9697121829080578
2025-08-22,1.017743705759889,0.9667928689506867
2025-08-23,0.9285387232565736,0.963798390816576
2025-08-24,0.8629313291139241,0.9607857510448922
2025-08-25,0.8742874548700655,0.9578016175177051
2025-08-26,0.9425090849673203,0.9548259133622788
2025-08-27,1.0221775824175823,0.9519354775873666
2025-08-28,1.049920832103751,0.9490553001101433
2025-08-29,0.9942178219239374,0.9461776146897538
2025-08-30,0.9068648905109489,0.9433578696355046
2025-08-31,0.8433146476145489,0.940674808653022
2025-09-01,0.8518067924063117,0.937690317567908
2025-09-02,0.924972669048449,0.934867381837755
2025-09-03,1.0045770538562582,0.9319391860346247
2025-09-04,1.0242640522875817,0.9288733666131702
2025-09-05,0.9756115999999999,0.9261428671634945
2025-09-06,0.8843729209252286,0.9232818431098578
2025-09-07,0.8198711038961038,0.9204358281677677
2025-09-08,0.8295745578416149,0.9177061243998639
2025-09-09,0.9007205208448118,0.9148921175530008
2025-09-10,0.9829447133757961,0.9121825256046934
2025-09-11,1.008751460020243,0.9094353322681664
2025-09-12,0.9607028488924051,0.9066090211857858
2025-09-13,0.8709495679012347,0.9038906927908477
2025-09-14,0.8025145625000001,0.9012669213555489
2025-09-15,0.8148193523110494,0.8985311297535513
2025-09-16,0.8840804411764706,0.8959274667447662
2025-09-17,0.9585166304250559,0.8932645175561877
2025-09-18,0.9904433603306897,0.8906035435066338
2025-09-19,0.9376350322580644,0.8882103723409747
2025-09-20,0.8488503048780487,0.8902174849249425
2025-09-21,0.7864996236126186,0.8924078680579217
2025-09-22,0.7954952631578948,0.894561042918775
2025-09-23,0.866640510414712,0.8967255632022563
2025-09-24,0.9452561689948311,0.8990215316733989
2025-09-25,0.9707841217970914,0.9011518231681768
2025-09-26,0.9181046268656716,0.9032888098136221
2025-09-27,0.8333992903225805,0.9054134962096955
2025-09-28,0.7667124827586207,0.907506470101774
2025-09-29,0.7789042281603289,0.9098587625124882
2025-09-30,0.8504100917682509,0.9120738896286279
2025-10-01,0.93006978046875,0.914480216876455
2025-10-02,0.9572552596491227,0.91695515616683
2025-10-03,1.031810752351097,0.9191629596244074
2025-10-04,0.9457036486486485,0.9215351846628098
2025-10-05,0.8801599999999999,0.9240065253475317
2025-10-06,0.8901811257790859,0.9264912550325997
2025-10-07,0.9650076380368098,0.929088749563725
2025-10-08,1.042592875229573,0.9316439433572834
2025-10-09,1.0685870860927154,0.9341918078595769
2025-10-10,1.0201940679824562,0.9369345319712427
2025-10-11,0.9295528368794327,0.9397141103896346
2025-10-12,0.8683787500000001,0.942463860818408
2025-10-13,0.8768429115629593,0.945339634217423
2025-10-14,0.9514576041156295,0.9481376001825558
2025-10-15,1.0278149305555555,0.9508401677884333
2025-10-16,1.0522618571428572,0.9536110048285706
2025-10-17,1.0040573333333334,0.9563872559981613
2025-10-18,0.9180478440502587,0.9548575401701213
2025-10-19,0.8560720547945205,0.9532913254456565
2025-10-20,0.8682251100294088,0.9517659400542119
2025-10-21,0.938185936634349,0.9503237443110449
2025-10-22,1.0165963750590457,0.9486820531083087
2025-10-23,1.047580396923734,0.9471693646372243
2025-10-24,0.9959328225806452,0.9457944448958179
2025-10-25,0.91039230232824,0.944312711933005
2025-10-26,0.8472341379310345,0.9429288061850192
2025-10-27,0.8572472751840462,0.9415969717694349
2025-10-28,0.9260819847328244,0.9402755956937326
2025-10-29,1.0076532175925927,0.938943430121214
2025-10-30,1.0349902923976608,0.9378590355199595
2025-10-31,0.9889787091659785,0.9367646274160203
2025-11-01,0.9018496363636365,0.9355839148755065
2025-11-02,0.8374492090395481,0.9344998568290689
2025-11-03,0.8497996449704142,0.933408160890976
2025-11-04,0.9190402843601896,0.9324643227122699
2025-11-05,1.0002375980392157,0.9315028300258339
2025-11-06,1.0300893333333334,0.9305718901727108
2025-11-07,0.9787055450236967,0.9295957646640619
2025-11-08,0.8908034759358289,0.9287294205961548
2025-11-09,0.8310873863636364,0.927805655700357
2025-11-10,0.839844381443299,0.9269132138208958
2025-11-11,0.9141569680851064,0.9260677016637014
2025-11-12,0.9974518817204301,0.9254988527881085
2025-11-13,1.0216184302325582,0.9248841707157022
2025-11-14,0.9709973821989528,0.9241939587170586
2025-11-15,0.88769421875,0.9235677136094825
2025-11-16,0.8255045685279189,0.9229089689977114
2025-11-17,0.841797641025641,0.9225201968361827
2025-11-18,0.9112641414141414,0.9219887450506278
2025-11-19,0.9905300591715976,0.9218330037628311
2025-11-20,1.020248882681564,0.9216124846257505
2025-11-21,0.9716751886792453,0.9213957515810175
2025-11-22,0.8845268852459016,0.9212677003479296
2025-11-23,0.8222457653061224,0.9212088049909569
2025-11-24,0.8335729347826087,0.9211910466867611
2025-11-25,0.9101542162162162,0.921200533063786
2025-11-26,0.9904421195652174,0.9213114799318951
2025-11-27,1.0156643564356436,0.9213634519577939
2025-11-28,0.9714438461538463,0.9215644723066311
2025-11-29,0.8834047872340426,0.9219377149902365
2025-11-30,0.8265635885167464,0.9222554490608532
2025-12-01,0.8349189949748744,0.9227105086118225
2025-12-02,0.9146795283018868,0.9229263313281687
2025-12-03,0.9940630622009569,0.9233880579849807
2025-12-04,1.0240208080808082,0.9238020164260803
2025-12-05,0.9751201104972377,0.9242923263133033
2025-12-06,0.8891544059405941,0.9248994131429553
2025-12-07,0.8305901538461538,0.9255173139594628
2025-12-08,0.8401099999999999,0.9262986532818033
2025-12-09,0.9172634803921569,0.927239161822176
2025-12-10,0.9989070984455958,0.9279610194704001
2025-12-11,1.027247,0.9288285090777649
2025-12-12,0.9814481773399014,0.9298600316977746
2025-12-13,0.8965907727272727,0.9307797388051834
2025-12-14,0.8382462359550561,0.9318912902351364
2025-12-15,0.8478406770833333,0.9330148227881097
2025-12-16,0.9241924878048781,0.9342517256508741
2025-12-17,1.002120895522388,0.935299566376787
2025-12-18,1.0339775595238097,0.9364848571620559
2025-12-19,0.9886736199095022,0.9332427849058057
2025-12-20,0.9018281081081081,0.9316321185369045
2025-12-21,0.8441232663316582,0.9333312270407569
2025-12-22,0.8599071739130435,0.937612105090532
2025-12-23,0.9303662303664921,0.9418513270509901
2025-12-24,1.0147318285714286,0.9429689564445733
2025-12-25,1.0445469897959183,0.9403052353969056
2025-12-26,0.9971956451612904,0.9359581471667509
2025-12-27,0.9145282272727272,0.9335639350523744
2025-12-28,0.8580224999999999,0.9356179996259912
2025-12-29,0.8695522751322752,0.9413457504301638
2025-12-30,0.944019068627451,0.9471898175143408
2025-12-31,1.0272512041884816,0.948722972828305
